<modification>
	<name>NeoSeo Exchange 1С</name>
	<version>82</version>
	<code>soforp-exchange-1c</code>
	<author>Alexander Sorokin</author>
	<link>http://seomag.com.ua/moduli/moduli-integratsii/soforp-exchange-1c</link>

	<file path="admin/controller/common/menu.php">
		<operation>
			<search><![CDATA[$data['backup']]]></search>
			<add position="after"><![CDATA[
		/* NeoSeo Exchange1c - begin */
		$data['soforp_warehouse'] = false;
		if( isset($this->session->data['token']) ) {
			if( $this->config->get("soforp_exchange1c_status") && $this->user->hasPermission('access','catalog/soforp_warehouse') ) {
				$this->language->load("catalog/soforp_warehouse");
				$data['text_soforp_warehouse'] = $this->language->get("text_soforp_warehouse");
				$data['soforp_warehouse'] = $this->url->link('catalog/soforp_warehouse', 'token=' . $this->session->data['token'], 'SSL');
			}
		}
		/* NeoSeo Exchange1c - begin */
            ]]></add>
		</operation>
	</file>

	<file path="admin/view/template/common/menu.tpl">
		<operation>
			<search><![CDATA[<li><a href="<?php echo $product; ?>"><?php echo $text_product; ?></a></li>]]></search>
			<add position="after"><![CDATA[
			<?php if( $soforp_warehouse ) { ?><li><a href="<?php echo $soforp_warehouse; ?>"><?php echo $text_soforp_warehouse; ?></a></li><?php } ?>
            ]]></add>
		</operation>
	</file>

	<file path="admin/model/catalog/category.php">
		<operation>
			<search><![CDATA[$this->db->query("DELETE FROM " . DB_PREFIX . "category WHERE]]></search>
			<add position="after"><![CDATA[		/* NeoSeo Exchange 1c - begin */
		$this->db->query("DELETE FROM `" . DB_PREFIX . "category_to_1c` WHERE category_id = '" . (int)$category_id . "'");
		/* NeoSeo Exchange 1c - end */]]></add>
		</operation>
	</file>

	<file path="admin/controller/catalog/product.php">
		<operation>
			<search><![CDATA[catalog/product_form]]></search>
			<add position="before"><![CDATA[		/* NeoSeo Exchange 1c - begin */
		$data['option_warehouses'] = array();
		if( isset($this->request->get['product_id']) ) {
			$this->load->model("catalog/soforp_warehouse");
			$data['warehouses'] = $this->model_catalog_soforp_warehouse->getProductQuantity($this->request->get['product_id']);
			$data['code_1c'] = $this->model_catalog_product->getProductCode1c($this->request->get['product_id']);
			$data['option_warehouses'] = array();
			foreach( $data['product_options'] as $product_option ) {
				foreach( $product_option['product_option_value'] as $product_option_value ) {
					$product_option_value_id = $product_option_value['product_option_value_id'];
					$data['option_warehouses'][$product_option_value_id] = $this->model_catalog_soforp_warehouse->getProductOptionQuantity($product_option_value_id);
				}
			}
		} else {
			$data['warehouses'] = array();
			$data['code_1c'] = '';
		}
		/* NeoSeo Exchange 1c - end */]]></add>
		</operation>
	</file>

	<file path="admin/model/catalog/product.php">
		<operation>
			<search><![CDATA[$this->db->query("DELETE FROM " . DB_PREFIX . "product WHERE product_id = '" . (int)$product_id . "'");]]></search>
			<add position="after"><![CDATA[		/* NeoSeo Exchange 1c - begin */
		$this->db->query("DELETE FROM `" . DB_PREFIX . "product_to_1c` WHERE product_id = '" . (int)$product_id . "'");
		$this->db->query("DELETE FROM `" . DB_PREFIX . "product_warehouse` WHERE product_id = '" . (int)$product_id . "'");
		/* NeoSeo Exchange 1c - end */]]></add>
		</operation>
		<operation>
			<search><![CDATA[if (isset($data['keyword']))]]></search>
			<add position="before"><![CDATA[		/* NeoSeo Exchange 1c - begin */
		if (isset($data['code_1c'])) {
			$this->db->query("INSERT INTO " . DB_PREFIX . "product_to_1c SET product_id = '" . (int)$product_id . "', 1c_id = '" . $this->db->escape($data['code_1c']) . "'");
		}
		/* NeoSeo Exchange 1c - end */]]></add>
		</operation>
		<operation>
			<search><![CDATA[if ($data['keyword'])]]></search>
			<add position="before"><![CDATA[		/* NeoSeo Exchange 1c - begin */
		$this->db->query("DELETE FROM " . DB_PREFIX . "product_to_1c WHERE product_id=" . (int)$product_id . "");
		if (isset($data['code_1c']) && $data['code_1c']) {
			$this->db->query("INSERT INTO " . DB_PREFIX . "product_to_1c SET product_id = '" . (int)$product_id . "', 1c_id = '" . $this->db->escape($data['code_1c']) . "'");
		}
		/* NeoSeo Exchange 1c - end */]]></add>
		</operation>
		<operation>
			<search><![CDATA[function getProduct(]]></search>
			<add position="before"><![CDATA[	/* NeoSeo Exchange 1c - begin */
	public function getProductCode1c($product_id) {
		$query = $this->db->query('SELECT 1c_id FROM ' . DB_PREFIX . 'product_to_1c WHERE `product_id` = "' . (int)$product_id . '"');
		if( !$query->num_rows )
			return '';
		return $query->row['1c_id'];
	}
	/* NeoSeo Exchange 1c - end */]]></add>
		</operation>

	</file>

	<file path="admin/view/template/catalog/product_form.tpl">
		<operation>
			<search><![CDATA[<input type="text" name="quantity" value="<?php echo $quantity; ?>"]]></search>
			<add position="after"><![CDATA[		<!-- NeoSeo Exchange 1c - begin -->
		<?php if( count($warehouses) > 0 ) { ?>
		<p>Остатки по складам:</p>
		<ul>
		<?php foreach( $warehouses as $warehouse ) { ?>
        <li><?php echo $warehouse['name'] . ": " . $warehouse['quantity']; ?></li>
        <?php } ?>
        <?php } ?>
		<!-- NeoSeo Exchange 1c - end -->]]></add>
		</operation>
		<operation>
			<search><![CDATA[value="<?php echo $product_option_value['quantity']; ?>" placeholder="<?php echo $entry_quantity; ?>" class="form-control" />]]></search>
			<add position="replace"><![CDATA[value="<?php echo $product_option_value['quantity']; ?>" placeholder="<?php echo $entry_quantity; ?>" class="form-control" />
                              <!-- NeoSeo Exchange 1c - begin -->
                              <?php if( isset($option_warehouses[$product_option_value['product_option_value_id']]) && count($option_warehouses[$product_option_value['product_option_value_id']]) > 0 ) { ?>
                              <p>Остатки по складам:</p>
                              <ul>
                              <?php foreach( $option_warehouses[$product_option_value['product_option_value_id']] as $warehouse ) { ?>
                              <li><?php echo $warehouse['name'] . ": " . $warehouse['quantity']; ?></li>
                              <?php } ?>
                              <?php } ?>
                              <!-- NeoSeo Exchange 1c - end -->]]></add>
		</operation>
		<operation>
			<search><![CDATA[<div class="tab-pane" id="tab-links">]]></search>
			<add position="after"><![CDATA[		<!-- NeoSeo Exchange 1c - begin -->
              <div class="form-group">
                <label class="col-sm-2 control-label" for="input-code_1c">Код 1С</label>
                <div class="col-sm-10">
                  <input type="text" name="code_1c" value="<?php echo $code_1c; ?>" placeholder="Код 1С" id="input-code_1c" class="form-control" />
                </div>
              </div>
		<!-- NeoSeo Exchange 1c - end -->]]></add>
		</operation>
	</file>

	<file path="catalog/controller/product/product.php">
		<operation>
			<search><![CDATA[$data['images'] =]]></search>
			<add position="before"><![CDATA[		/* NeoSeo Exchange 1c - begin */
		$this->load->model("catalog/soforp_warehouse");
        $data['warehouses'] = $this->model_catalog_soforp_warehouse->getProductQuantity($this->request->get['product_id']);
		/* NeoSeo Exchange 1c - end */]]></add>
		</operation>
	</file>

	<file path="catalog/view/theme/*/template/product/product.tpl">
		<operation>
			<search><![CDATA[<input type="text" name="quantity" value="<?php echo $minimum; ?>"]]></search>
			<add position="after"><![CDATA[		<!-- NeoSeo Exchange 1c - begin -->
			<div class="warehouse">
		<?php if( count($warehouses) > 0 ) { ?>
		<p>Остатки по складам:</p>
		<ul>
		<?php foreach( $warehouses as $warehouse ) { ?>
        <li><?php echo $warehouse['name'] . ": " . $warehouse['quantity']; ?></li>
        <?php } ?>
        <?php } ?>
        </div>
		<!-- NeoSeo Exchange 1c - end -->]]></add>
		</operation>
	</file>

</modification>
